summary_id,program_id,school_id,month_label,month_start,month_end,sessions_scheduled,sessions_completed,sessions_cancelled,attendance_rate,avg_dosage_minutes,active_students,mom_attendance_delta,mom_dosage_delta
MAS-0001,PROG-001,SCH-001,2025-09,2025-09-01,2025-09-30,80,72,8,0.8164,391.67,54,,
MAS-0002,PROG-001,SCH-002,2025-09,2025-09-01,2025-09-30,68,62,6,0.7477,396.64,43,,
MAS-0003,PROG-001,SCH-003,2025-09,2025-09-01,2025-09-30,40,34,6,0.7971,400.63,30,,
MAS-0004,PROG-001,SCH-001,2025-10,2025-10-01,2025-10-31,82,58,24,0.833,324.68,54,0.0167,-66.98
MAS-0005,PROG-001,SCH-002,2025-10,2025-10-01,2025-10-31,67,49,18,0.8333,343.98,43,0.0857,-52.67
MAS-0006,PROG-001,SCH-003,2025-10,2025-10-01,2025-10-31,41,30,11,0.7933,350.67,30,-0.0037,-49.97
MAS-0007,PROG-001,SCH-001,2025-11,2025-11-01,2025-11-30,72,65,7,0.8271,361.0,54,-0.0059,36.32
MAS-0008,PROG-001,SCH-002,2025-11,2025-11-01,2025-11-30,60,54,6,0.7961,366.91,43,-0.0372,22.93
MAS-0009,PROG-001,SCH-003,2025-11,2025-11-01,2025-11-30,36,33,3,0.8394,408.03,30,0.0461,57.37
