session_id,group_id,tutor_id,scheduled_date,scheduled_start_time,duration_minutes,status,actual_duration_minutes,tutor_on_time,platform
SES-00001,GRP-001,TUT-001,2025-09-02,09:00,45,completed,44,false,virtual
SES-00002,GRP-001,TUT-001,2025-09-03,09:00,45,cancelled_school,,,in_person
SES-00003,GRP-001,TUT-001,2025-09-04,09:00,45,completed,46,true,hybrid
SES-00004,GRP-001,TUT-001,2025-09-09,09:00,45,completed,40,true,hybrid
SES-00005,GRP-001,TUT-001,2025-09-10,09:00,45,completed,46,true,in_person
SES-00006,GRP-001,TUT-001,2025-09-11,09:00,45,completed,45,true,hybrid
SES-00007,GRP-001,TUT-001,2025-09-16,09:00,45,completed,40,true,hybrid
SES-00008,GRP-001,TUT-001,2025-09-17,09:00,45,cancelled_student,,,in_person
SES-00009,GRP-001,TUT-001,2025-09-18,09:00,45,completed,50,true,hybrid
SES-00010,GRP-001,TUT-001,2025-09-23,09:00,45,completed,44,true,hybrid
SES-00011,GRP-001,TUT-001,2025-09-24,09:00,45,completed,46,true,hybrid
SES-00012,GRP-001,TUT-001,2025-09-25,09:00,45,completed,47,true,virtual
SES-00013,GRP-001,TUT-001,2025-09-30,09:00,45,cancelled_student,,,virtual
SES-00014,GRP-001,TUT-001,2025-10-01,09:00,45,no_show,,,in_person
SES-00015,GRP-001,TUT-001,2025-10-02,09:00,45,cancelled_school,,,virtual
SES-00016,GRP-001,TUT-001,2025-10-07,09:00,45,no_show,,,in_person
SES-00017,GRP-001,TUT-001,2025-10-08,09:00,45,completed,44,true,in_person
SES-00018,GRP-001,TUT-001,2025-10-09,09:00,45,completed,46,true,virtual
SES-00019,GRP-001,TUT-001,2025-10-14,09:00,45,completed,43,true,hybrid
SES-00020,GRP-001,TUT-001,2025-10-15,09:00,45,completed,41,true,hybrid
SES-00021,GRP-001,TUT-001,2025-10-16,09:00,45,cancelled_student,,,in_person
SES-00022,GRP-001,TUT-001,2025-10-21,09:00,45,completed,41,true,hybrid
SES-00023,GRP-001,TUT-001,2025-10-22,09:00,45,completed,46,true,virtual
SES-00024,GRP-001,TUT-001,2025-10-23,09:00,45,completed,46,true,virtual
SES-00025,GRP-001,TUT-001,2025-10-28,09:00,45,completed,49,true,hybrid
SES-00026,GRP-001,TUT-001,2025-10-29,09:00,45,completed,41,true,in_person
SES-00027,GRP-001,TUT-001,2025-10-30,09:00,45,completed,49,true,in_person
SES-00028,GRP-001,TUT-001,2025-11-04,09:00,45,completed,44,true,in_person
SES-00029,GRP-001,TUT-001,2025-11-05,09:00,45,completed,42,true,hybrid
SES-00030,GRP-001,TUT-001,2025-11-06,09:00,45,completed,48,true,virtual
SES-00031,GRP-001,TUT-001,2025-11-11,09:00,45,completed,50,true,in_person
SES-00032,GRP-001,TUT-001,2025-11-12,09:00,45,completed,44,true,hybrid
SES-00033,GRP-001,TUT-001,2025-11-13,09:00,45,completed,50,true,hybrid
SES-00034,GRP-001,TUT-001,2025-11-18,09:00,45,completed,49,true,virtual
SES-00035,GRP-001,TUT-001,2025-11-19,09:00,45,completed,49,true,hybrid
SES-00036,GRP-001,TUT-001,2025-11-20,09:00,45,completed,50,true,virtual
SES-00037,GRP-001,TUT-001,2025-11-25,09:00,45,cancelled_tutor,,,virtual
SES-00038,GRP-001,TUT-001,2025-11-26,09:00,45,completed,44,true,virtual
SES-00039,GRP-001,TUT-001,2025-11-27,09:00,45,completed,44,true,in_person
SES-00040,GRP-002,TUT-002,2025-09-02,09:30,45,completed,48,false,hybrid
SES-00041,GRP-002,TUT-002,2025-09-04,09:30,45,completed,47,true,hybrid
SES-00042,GRP-002,TUT-002,2025-09-05,09:30,45,completed,45,true,hybrid
SES-00043,GRP-002,TUT-002,2025-09-09,09:30,45,completed,40,true,virtual
SES-00044,GRP-002,TUT-002,2025-09-11,09:30,45,no_show,,,in_person
SES-00045,GRP-002,TUT-002,2025-09-12,09:30,45,completed,42,true,hybrid
SES-00046,GRP-002,TUT-002,2025-09-16,09:30,45,completed,47,true,hybrid
SES-00047,GRP-002,TUT-002,2025-09-18,09:30,45,completed,45,true,virtual
SES-00048,GRP-002,TUT-002,2025-09-19,09:30,45,completed,45,true,in_person
SES-00049,GRP-002,TUT-002,2025-09-23,09:30,45,completed,50,true,virtual
SES-00050,GRP-002,TUT-002,2025-09-25,09:30,45,completed,50,true,virtual
SES-00051,GRP-002,TUT-002,2025-09-26,09:30,45,completed,50,false,hybrid
SES-00052,GRP-002,TUT-002,2025-09-30,09:30,45,completed,45,true,hybrid
SES-00053,GRP-002,TUT-002,2025-10-02,09:30,45,cancelled_tutor,,,virtual
SES-00054,GRP-002,TUT-002,2025-10-03,09:30,45,completed,50,true,virtual
SES-00055,GRP-002,TUT-002,2025-10-07,09:30,45,cancelled_tutor,,,hybrid
SES-00056,GRP-002,TUT-002,2025-10-09,09:30,45,completed,44,true,hybrid
SES-00057,GRP-002,TUT-002,2025-10-10,09:30,45,completed,42,true,hybrid
SES-00058,GRP-002,TUT-002,2025-10-14,09:30,45,no_show,,,hybrid
SES-00059,GRP-002,TUT-002,2025-10-16,09:30,45,cancelled_student,,,hybrid
SES-00060,GRP-002,TUT-002,2025-10-17,09:30,45,completed,45,true,virtual
SES-00061,GRP-002,TUT-002,2025-10-21,09:30,45,completed,43,true,virtual
SES-00062,GRP-002,TUT-002,2025-10-23,09:30,45,completed,42,true,virtual
SES-00063,GRP-002,TUT-002,2025-10-24,09:30,45,completed,41,true,hybrid
SES-00064,GRP-002,TUT-002,2025-10-28,09:30,45,completed,48,true,virtual
SES-00065,GRP-002,TUT-002,2025-10-30,09:30,45,completed,49,true,virtual
SES-00066,GRP-002,TUT-002,2025-10-31,09:30,45,cancelled_tutor,,,in_person
SES-00067,GRP-002,TUT-002,2025-11-04,09:30,45,completed,49,true,in_person
SES-00068,GRP-002,TUT-002,2025-11-06,09:30,45,completed,40,true,hybrid
SES-00069,GRP-002,TUT-002,2025-11-07,09:30,45,completed,47,true,hybrid
SES-00070,GRP-002,TUT-002,2025-11-11,09:30,45,completed,43,true,virtual
SES-00071,GRP-002,TUT-002,2025-11-13,09:30,45,no_show,,,virtual
SES-00072,GRP-002,TUT-002,2025-11-14,09:30,45,completed,43,true,hybrid
SES-00073,GRP-002,TUT-002,2025-11-18,09:30,45,no_show,,,virtual
SES-00074,GRP-002,TUT-002,2025-11-20,09:30,45,completed,46,true,virtual
SES-00075,GRP-002,TUT-002,2025-11-21,09:30,45,no_show,,,in_person
SES-00076,GRP-002,TUT-002,2025-11-25,09:30,45,completed,42,true,in_person
SES-00077,GRP-002,TUT-002,2025-11-27,09:30,45,completed,45,true,in_person
SES-00078,GRP-002,TUT-002,2025-11-28,09:30,45,completed,48,true,virtual
SES-00079,GRP-003,TUT-003,2025-09-03,14:00,45,completed,41,false,in_person
SES-00080,GRP-003,TUT-003,2025-09-04,14:00,45,completed,45,false,virtual
SES-00081,GRP-003,TUT-003,2025-09-05,14:00,45,cancelled_tutor,,,hybrid
SES-00082,GRP-003,TUT-003,2025-09-10,14:00,45,completed,46,false,virtual
SES-00083,GRP-003,TUT-003,2025-09-11,14:00,45,completed,45,false,hybrid
SES-00084,GRP-003,TUT-003,2025-09-12,14:00,45,completed,42,true,virtual
SES-00085,GRP-003,TUT-003,2025-09-17,14:00,45,completed,47,true,in_person
SES-00086,GRP-003,TUT-003,2025-09-18,14:00,45,completed,47,true,in_person
SES-00087,GRP-003,TUT-003,2025-09-19,14:00,45,completed,40,true,in_person
SES-00088,GRP-003,TUT-003,2025-09-24,14:00,45,completed,49,true,in_person
SES-00089,GRP-003,TUT-003,2025-09-25,14:00,45,completed,43,true,in_person
SES-00090,GRP-003,TUT-003,2025-09-26,14:00,45,completed,50,true,virtual
SES-00091,GRP-003,TUT-003,2025-10-01,14:00,45,cancelled_student,,,virtual
SES-00092,GRP-003,TUT-003,2025-10-02,14:00,45,completed,40,true,hybrid
SES-00093,GRP-003,TUT-003,2025-10-03,14:00,45,completed,42,true,in_person
SES-00094,GRP-003,TUT-003,2025-10-08,14:00,45,completed,43,true,in_person
SES-00095,GRP-003,TUT-003,2025-10-09,14:00,45,completed,41,true,virtual
SES-00096,GRP-003,TUT-003,2025-10-10,14:00,45,cancelled_student,,,hybrid
SES-00097,GRP-003,TUT-003,2025-10-15,14:00,45,completed,48,true,virtual
SES-00098,GRP-003,TUT-003,2025-10-16,14:00,45,completed,40,true,virtual
SES-00099,GRP-003,TUT-003,2025-10-17,14:00,45,completed,40,true,in_person
SES-00100,GRP-003,TUT-003,2025-10-22,14:00,45,completed,50,true,hybrid
SES-00101,GRP-003,TUT-003,2025-10-23,14:00,45,completed,45,true,virtual
SES-00102,GRP-003,TUT-003,2025-10-24,14:00,45,completed,50,true,hybrid
SES-00103,GRP-003,TUT-003,2025-10-29,14:00,45,completed,47,true,in_person
SES-00104,GRP-003,TUT-003,2025-10-30,14:00,45,cancelled_student,,,virtual
SES-00105,GRP-003,TUT-003,2025-10-31,14:00,45,cancelled_school,,,in_person
SES-00106,GRP-003,TUT-003,2025-11-05,14:00,45,cancelled_student,,,in_person
SES-00107,GRP-003,TUT-003,2025-11-06,14:00,45,completed,45,false,hybrid
SES-00108,GRP-003,TUT-003,2025-11-07,14:00,45,completed,48,true,in_person
SES-00109,GRP-003,TUT-003,2025-11-12,14:00,45,completed,43,true,in_person
SES-00110,GRP-003,TUT-003,2025-11-13,14:00,45,completed,45,true,virtual
SES-00111,GRP-003,TUT-003,2025-11-14,14:00,45,completed,46,true,virtual
SES-00112,GRP-003,TUT-003,2025-11-19,14:00,45,completed,42,true,virtual
SES-00113,GRP-003,TUT-003,2025-11-20,14:00,45,completed,48,true,in_person
SES-00114,GRP-003,TUT-003,2025-11-21,14:00,45,completed,41,true,in_person
SES-00115,GRP-003,TUT-003,2025-11-26,14:00,45,completed,45,true,virtual
SES-00116,GRP-003,TUT-003,2025-11-27,14:00,45,completed,44,true,hybrid
SES-00117,GRP-003,TUT-003,2025-11-28,14:00,45,completed,47,true,in_person
SES-00118,GRP-004,TUT-004,2025-09-01,09:30,45,completed,50,true,in_person
SES-00119,GRP-004,TUT-004,2025-09-02,09:30,45,completed,49,true,virtual
SES-00120,GRP-004,TUT-004,2025-09-05,09:30,45,cancelled_student,,,in_person
SES-00121,GRP-004,TUT-004,2025-09-08,09:30,45,completed,50,true,virtual
SES-00122,GRP-004,TUT-004,2025-09-09,09:30,45,completed,40,true,hybrid
SES-00123,GRP-004,TUT-004,2025-09-12,09:30,45,completed,45,true,in_person
SES-00124,GRP-004,TUT-004,2025-09-15,09:30,45,completed,48,true,virtual
SES-00125,GRP-004,TUT-004,2025-09-16,09:30,45,completed,43,false,in_person
SES-00126,GRP-004,TUT-004,2025-09-19,09:30,45,completed,47,true,hybrid
SES-00127,GRP-004,TUT-004,2025-09-22,09:30,45,completed,44,true,in_person
SES-00128,GRP-004,TUT-004,2025-09-23,09:30,45,no_show,,,virtual
SES-00129,GRP-004,TUT-004,2025-09-26,09:30,45,completed,47,true,in_person
SES-00130,GRP-004,TUT-004,2025-09-29,09:30,45,completed,47,true,hybrid
SES-00131,GRP-004,TUT-004,2025-09-30,09:30,45,completed,41,true,virtual
SES-00132,GRP-004,TUT-004,2025-10-03,09:30,45,completed,41,true,virtual
SES-00133,GRP-004,TUT-004,2025-10-06,09:30,45,completed,42,true,hybrid
SES-00134,GRP-004,TUT-004,2025-10-07,09:30,45,completed,45,true,in_person
SES-00135,GRP-004,TUT-004,2025-10-10,09:30,45,no_show,,,in_person
SES-00136,GRP-004,TUT-004,2025-10-13,09:30,45,completed,47,true,hybrid
SES-00137,GRP-004,TUT-004,2025-10-14,09:30,45,completed,47,true,hybrid
SES-00138,GRP-004,TUT-004,2025-10-17,09:30,45,cancelled_tutor,,,in_person
SES-00139,GRP-004,TUT-004,2025-10-20,09:30,45,cancelled_student,,,virtual
SES-00140,GRP-004,TUT-004,2025-10-21,09:30,45,no_show,,,hybrid
SES-00141,GRP-004,TUT-004,2025-10-24,09:30,45,completed,46,true,hybrid
SES-00142,GRP-004,TUT-004,2025-10-27,09:30,45,cancelled_student,,,virtual
SES-00143,GRP-004,TUT-004,2025-10-28,09:30,45,completed,47,true,hybrid
SES-00144,GRP-004,TUT-004,2025-10-31,09:30,45,completed,48,true,in_person
SES-00145,GRP-004,TUT-004,2025-11-03,09:30,45,completed,42,true,in_person
SES-00146,GRP-004,TUT-004,2025-11-04,09:30,45,completed,48,true,in_person
SES-00147,GRP-004,TUT-004,2025-11-07,09:30,45,completed,43,true,hybrid
SES-00148,GRP-004,TUT-004,2025-11-10,09:30,45,completed,41,true,hybrid
SES-00149,GRP-004,TUT-004,2025-11-11,09:30,45,completed,44,true,virtual
SES-00150,GRP-004,TUT-004,2025-11-14,09:30,45,completed,41,true,in_person
SES-00151,GRP-004,TUT-004,2025-11-17,09:30,45,completed,49,true,hybrid
SES-00152,GRP-004,TUT-004,2025-11-18,09:30,45,completed,49,true,hybrid
SES-00153,GRP-004,TUT-004,2025-11-21,09:30,45,cancelled_student,,,in_person
SES-00154,GRP-004,TUT-004,2025-11-24,09:30,45,completed,50,true,virtual
SES-00155,GRP-004,TUT-004,2025-11-25,09:30,45,completed,49,true,hybrid
SES-00156,GRP-004,TUT-004,2025-11-28,09:30,45,cancelled_student,,,hybrid
SES-00157,GRP-005,TUT-001,2025-09-01,13:00,45,completed,50,true,virtual
SES-00158,GRP-005,TUT-001,2025-09-02,13:00,45,cancelled_tutor,,,in_person
SES-00159,GRP-005,TUT-001,2025-09-04,13:00,45,completed,46,true,in_person
SES-00160,GRP-005,TUT-001,2025-09-08,13:00,45,completed,42,true,hybrid
SES-00161,GRP-005,TUT-001,2025-09-09,13:00,45,completed,45,false,in_person
SES-00162,GRP-005,TUT-001,2025-09-11,13:00,45,completed,48,true,virtual
SES-00163,GRP-005,TUT-001,2025-09-15,13:00,45,completed,41,true,in_person
SES-00164,GRP-005,TUT-001,2025-09-16,13:00,45,completed,40,true,virtual
SES-00165,GRP-005,TUT-001,2025-09-18,13:00,45,completed,46,true,in_person
SES-00166,GRP-005,TUT-001,2025-09-22,13:00,45,completed,49,true,in_person
SES-00167,GRP-005,TUT-001,2025-09-23,13:00,45,completed,47,false,virtual
SES-00168,GRP-005,TUT-001,2025-09-25,13:00,45,completed,44,true,in_person
SES-00169,GRP-005,TUT-001,2025-09-29,13:00,45,completed,48,true,in_person
SES-00170,GRP-005,TUT-001,2025-09-30,13:00,45,completed,45,true,virtual
SES-00171,GRP-005,TUT-001,2025-10-02,13:00,45,completed,50,true,virtual
SES-00172,GRP-005,TUT-001,2025-10-06,13:00,45,completed,41,true,virtual
SES-00173,GRP-005,TUT-001,2025-10-07,13:00,45,completed,46,true,virtual
SES-00174,GRP-005,TUT-001,2025-10-09,13:00,45,cancelled_student,,,hybrid
SES-00175,GRP-005,TUT-001,2025-10-13,13:00,45,completed,48,true,virtual
SES-00176,GRP-005,TUT-001,2025-10-14,13:00,45,completed,48,true,hybrid
SES-00177,GRP-005,TUT-001,2025-10-16,13:00,45,completed,41,true,in_person
SES-00178,GRP-005,TUT-001,2025-10-20,13:00,45,completed,45,true,virtual
SES-00179,GRP-005,TUT-001,2025-10-21,13:00,45,completed,43,true,virtual
SES-00180,GRP-005,TUT-001,2025-10-23,13:00,45,completed,40,true,hybrid
SES-00181,GRP-005,TUT-001,2025-10-27,13:00,45,completed,47,true,in_person
SES-00182,GRP-005,TUT-001,2025-10-28,13:00,45,completed,48,true,hybrid
SES-00183,GRP-005,TUT-001,2025-10-30,13:00,45,completed,46,false,hybrid
SES-00184,GRP-005,TUT-001,2025-11-03,13:00,45,completed,49,true,hybrid
SES-00185,GRP-005,TUT-001,2025-11-04,13:00,45,completed,49,true,in_person
SES-00186,GRP-005,TUT-001,2025-11-06,13:00,45,completed,50,true,virtual
SES-00187,GRP-005,TUT-001,2025-11-10,13:00,45,completed,50,true,virtual
SES-00188,GRP-005,TUT-001,2025-11-11,13:00,45,completed,50,true,hybrid
SES-00189,GRP-005,TUT-001,2025-11-13,13:00,45,completed,40,true,in_person
SES-00190,GRP-005,TUT-001,2025-11-17,13:00,45,completed,49,true,virtual
SES-00191,GRP-005,TUT-001,2025-11-18,13:00,45,completed,50,true,hybrid
SES-00192,GRP-005,TUT-001,2025-11-20,13:00,45,completed,41,true,virtual
SES-00193,GRP-005,TUT-001,2025-11-24,13:00,45,completed,42,true,in_person
SES-00194,GRP-005,TUT-001,2025-11-25,13:00,45,completed,49,false,hybrid
SES-00195,GRP-005,TUT-001,2025-11-27,13:00,45,completed,42,true,hybrid
SES-00196,GRP-006,TUT-002,2025-09-01,11:00,45,completed,48,true,virtual
SES-00197,GRP-006,TUT-002,2025-09-02,11:00,45,completed,50,true,hybrid
SES-00198,GRP-006,TUT-002,2025-09-05,11:00,45,completed,47,true,in_person
SES-00199,GRP-006,TUT-002,2025-09-08,11:00,45,completed,44,true,virtual
SES-00200,GRP-006,TUT-002,2025-09-09,11:00,45,completed,43,true,virtual
SES-00201,GRP-006,TUT-002,2025-09-12,11:00,45,completed,45,true,hybrid
SES-00202,GRP-006,TUT-002,2025-09-15,11:00,45,completed,41,true,hybrid
SES-00203,GRP-006,TUT-002,2025-09-16,11:00,45,completed,46,true,in_person
SES-00204,GRP-006,TUT-002,2025-09-19,11:00,45,completed,44,false,in_person
SES-00205,GRP-006,TUT-002,2025-09-22,11:00,45,completed,47,true,hybrid
SES-00206,GRP-006,TUT-002,2025-09-23,11:00,45,completed,43,true,virtual
SES-00207,GRP-006,TUT-002,2025-09-26,11:00,45,completed,44,true,hybrid
SES-00208,GRP-006,TUT-002,2025-09-29,11:00,45,completed,43,true,hybrid
SES-00209,GRP-006,TUT-002,2025-09-30,11:00,45,completed,43,true,in_person
SES-00210,GRP-006,TUT-002,2025-10-03,11:00,45,cancelled_tutor,,,virtual
SES-00211,GRP-006,TUT-002,2025-10-06,11:00,45,completed,41,true,in_person
SES-00212,GRP-006,TUT-002,2025-10-07,11:00,45,cancelled_school,,,hybrid
SES-00213,GRP-006,TUT-002,2025-10-10,11:00,45,no_show,,,in_person
SES-00214,GRP-006,TUT-002,2025-10-13,11:00,45,completed,47,true,in_person
SES-00215,GRP-006,TUT-002,2025-10-14,11:00,45,completed,44,true,hybrid
SES-00216,GRP-006,TUT-002,2025-10-17,11:00,45,cancelled_student,,,in_person
SES-00217,GRP-006,TUT-002,2025-10-20,11:00,45,completed,43,true,hybrid
SES-00218,GRP-006,TUT-002,2025-10-21,11:00,45,completed,40,true,in_person
SES-00219,GRP-006,TUT-002,2025-10-24,11:00,45,completed,42,false,in_person
SES-00220,GRP-006,TUT-002,2025-10-27,11:00,45,no_show,,,virtual
SES-00221,GRP-006,TUT-002,2025-10-28,11:00,45,completed,42,false,virtual
SES-00222,GRP-006,TUT-002,2025-10-31,11:00,45,completed,40,true,hybrid
SES-00223,GRP-006,TUT-002,2025-11-03,11:00,45,completed,45,true,hybrid
SES-00224,GRP-006,TUT-002,2025-11-04,11:00,45,completed,47,true,in_person
SES-00225,GRP-006,TUT-002,2025-11-07,11:00,45,completed,47,true,in_person
SES-00226,GRP-006,TUT-002,2025-11-10,11:00,45,completed,47,true,hybrid
SES-00227,GRP-006,TUT-002,2025-11-11,11:00,45,completed,45,true,hybrid
SES-00228,GRP-006,TUT-002,2025-11-14,11:00,45,completed,43,true,hybrid
SES-00229,GRP-006,TUT-002,2025-11-17,11:00,45,completed,46,true,in_person
SES-00230,GRP-006,TUT-002,2025-11-18,11:00,45,completed,41,true,in_person
SES-00231,GRP-006,TUT-002,2025-11-21,11:00,45,completed,43,true,virtual
SES-00232,GRP-006,TUT-002,2025-11-24,11:00,45,completed,44,false,virtual
SES-00233,GRP-006,TUT-002,2025-11-25,11:00,45,completed,49,true,hybrid
SES-00234,GRP-006,TUT-002,2025-11-28,11:00,45,completed,43,true,in_person
SES-00235,GRP-007,TUT-005,2025-09-01,14:30,45,completed,50,true,virtual
SES-00236,GRP-007,TUT-005,2025-09-02,14:30,45,completed,43,true,in_person
SES-00237,GRP-007,TUT-005,2025-09-05,14:30,45,completed,47,true,hybrid
SES-00238,GRP-007,TUT-005,2025-09-08,14:30,45,completed,48,true,hybrid
SES-00239,GRP-007,TUT-005,2025-09-09,14:30,45,completed,43,true,hybrid
SES-00240,GRP-007,TUT-005,2025-09-12,14:30,45,completed,41,true,hybrid
SES-00241,GRP-007,TUT-005,2025-09-15,14:30,45,completed,41,true,in_person
SES-00242,GRP-007,TUT-005,2025-09-16,14:30,45,cancelled_tutor,,,hybrid
SES-00243,GRP-007,TUT-005,2025-09-19,14:30,45,completed,43,true,in_person
SES-00244,GRP-007,TUT-005,2025-09-22,14:30,45,completed,48,true,hybrid
SES-00245,GRP-007,TUT-005,2025-09-23,14:30,45,completed,49,true,hybrid
SES-00246,GRP-007,TUT-005,2025-09-26,14:30,45,completed,40,true,hybrid
SES-00247,GRP-007,TUT-005,2025-09-29,14:30,45,completed,49,true,virtual
SES-00248,GRP-007,TUT-005,2025-09-30,14:30,45,completed,44,true,virtual
SES-00249,GRP-007,TUT-005,2025-10-03,14:30,45,completed,40,true,hybrid
SES-00250,GRP-007,TUT-005,2025-10-06,14:30,45,cancelled_student,,,virtual
SES-00251,GRP-007,TUT-005,2025-10-07,14:30,45,completed,41,true,in_person
SES-00252,GRP-007,TUT-005,2025-10-10,14:30,45,completed,41,false,virtual
SES-00253,GRP-007,TUT-005,2025-10-13,14:30,45,cancelled_school,,,virtual
SES-00254,GRP-007,TUT-005,2025-10-14,14:30,45,completed,42,true,hybrid
SES-00255,GRP-007,TUT-005,2025-10-17,14:30,45,completed,46,true,virtual
SES-00256,GRP-007,TUT-005,2025-10-20,14:30,45,completed,46,true,hybrid
SES-00257,GRP-007,TUT-005,2025-10-21,14:30,45,no_show,,,hybrid
SES-00258,GRP-007,TUT-005,2025-10-24,14:30,45,cancelled_tutor,,,virtual
SES-00259,GRP-007,TUT-005,2025-10-27,14:30,45,cancelled_tutor,,,hybrid
SES-00260,GRP-007,TUT-005,2025-10-28,14:30,45,completed,42,true,in_person
SES-00261,GRP-007,TUT-005,2025-10-31,14:30,45,completed,40,false,virtual
SES-00262,GRP-007,TUT-005,2025-11-03,14:30,45,completed,48,true,virtual
SES-00263,GRP-007,TUT-005,2025-11-04,14:30,45,completed,43,true,in_person
SES-00264,GRP-007,TUT-005,2025-11-07,14:30,45,completed,41,true,hybrid
SES-00265,GRP-007,TUT-005,2025-11-10,14:30,45,completed,40,true,in_person
SES-00266,GRP-007,TUT-005,2025-11-11,14:30,45,completed,40,true,hybrid
SES-00267,GRP-007,TUT-005,2025-11-14,14:30,45,completed,40,true,in_person
SES-00268,GRP-007,TUT-005,2025-11-17,14:30,45,completed,43,true,in_person
SES-00269,GRP-007,TUT-005,2025-11-18,14:30,45,completed,44,true,hybrid
SES-00270,GRP-007,TUT-005,2025-11-21,14:30,45,completed,49,true,hybrid
SES-00271,GRP-007,TUT-005,2025-11-24,14:30,45,completed,43,true,in_person
SES-00272,GRP-007,TUT-005,2025-11-25,14:30,45,no_show,,,hybrid
SES-00273,GRP-007,TUT-005,2025-11-28,14:30,45,completed,44,true,hybrid
SES-00274,GRP-008,TUT-006,2025-09-01,14:30,45,cancelled_student,,,virtual
SES-00275,GRP-008,TUT-006,2025-09-03,14:30,45,completed,50,true,hybrid
SES-00276,GRP-008,TUT-006,2025-09-04,14:30,45,completed,46,true,virtual
SES-00277,GRP-008,TUT-006,2025-09-08,14:30,45,completed,48,true,in_person
SES-00278,GRP-008,TUT-006,2025-09-10,14:30,45,completed,42,true,in_person
SES-00279,GRP-008,TUT-006,2025-09-11,14:30,45,completed,46,true,in_person
SES-00280,GRP-008,TUT-006,2025-09-15,14:30,45,completed,44,true,hybrid
SES-00281,GRP-008,TUT-006,2025-09-17,14:30,45,cancelled_tutor,,,virtual
SES-00282,GRP-008,TUT-006,2025-09-18,14:30,45,completed,41,true,in_person
SES-00283,GRP-008,TUT-006,2025-09-22,14:30,45,cancelled_tutor,,,virtual
SES-00284,GRP-008,TUT-006,2025-09-24,14:30,45,completed,49,true,in_person
SES-00285,GRP-008,TUT-006,2025-09-25,14:30,45,completed,49,true,hybrid
SES-00286,GRP-008,TUT-006,2025-09-29,14:30,45,completed,43,true,virtual
SES-00287,GRP-008,TUT-006,2025-10-01,14:30,45,completed,40,true,in_person
SES-00288,GRP-008,TUT-006,2025-10-02,14:30,45,no_show,,,in_person
SES-00289,GRP-008,TUT-006,2025-10-06,14:30,45,completed,47,true,hybrid
SES-00290,GRP-008,TUT-006,2025-10-08,14:30,45,completed,43,true,in_person
SES-00291,GRP-008,TUT-006,2025-10-09,14:30,45,completed,44,true,hybrid
SES-00292,GRP-008,TUT-006,2025-10-13,14:30,45,completed,44,true,hybrid
SES-00293,GRP-008,TUT-006,2025-10-15,14:30,45,completed,47,true,hybrid
SES-00294,GRP-008,TUT-006,2025-10-16,14:30,45,completed,45,true,virtual
SES-00295,GRP-008,TUT-006,2025-10-20,14:30,45,completed,40,true,in_person
SES-00296,GRP-008,TUT-006,2025-10-22,14:30,45,completed,40,true,hybrid
SES-00297,GRP-008,TUT-006,2025-10-23,14:30,45,completed,46,true,in_person
SES-00298,GRP-008,TUT-006,2025-10-27,14:30,45,completed,46,true,in_person
SES-00299,GRP-008,TUT-006,2025-10-29,14:30,45,completed,50,false,virtual
SES-00300,GRP-008,TUT-006,2025-10-30,14:30,45,completed,47,false,hybrid
SES-00301,GRP-008,TUT-006,2025-11-03,14:30,45,completed,47,true,virtual
SES-00302,GRP-008,TUT-006,2025-11-05,14:30,45,completed,48,true,hybrid
SES-00303,GRP-008,TUT-006,2025-11-06,14:30,45,no_show,,,in_person
SES-00304,GRP-008,TUT-006,2025-11-10,14:30,45,completed,41,false,hybrid
SES-00305,GRP-008,TUT-006,2025-11-12,14:30,45,cancelled_student,,,in_person
SES-00306,GRP-008,TUT-006,2025-11-13,14:30,45,completed,50,true,hybrid
SES-00307,GRP-008,TUT-006,2025-11-17,14:30,45,completed,43,true,virtual
SES-00308,GRP-008,TUT-006,2025-11-19,14:30,45,cancelled_tutor,,,hybrid
SES-00309,GRP-008,TUT-006,2025-11-20,14:30,45,completed,49,true,hybrid
SES-00310,GRP-008,TUT-006,2025-11-24,14:30,45,completed,40,true,virtual
SES-00311,GRP-008,TUT-006,2025-11-26,14:30,45,cancelled_school,,,hybrid
SES-00312,GRP-008,TUT-006,2025-11-27,14:30,45,completed,48,false,in_person
SES-00313,GRP-009,TUT-007,2025-09-01,09:00,45,completed,49,true,virtual
SES-00314,GRP-009,TUT-007,2025-09-02,09:00,45,completed,46,true,virtual
SES-00315,GRP-009,TUT-007,2025-09-03,09:00,45,completed,43,false,in_person
SES-00316,GRP-009,TUT-007,2025-09-08,09:00,45,completed,41,true,hybrid
SES-00317,GRP-009,TUT-007,2025-09-09,09:00,45,completed,41,true,virtual
SES-00318,GRP-009,TUT-007,2025-09-10,09:00,45,completed,40,true,hybrid
SES-00319,GRP-009,TUT-007,2025-09-15,09:00,45,completed,47,true,hybrid
SES-00320,GRP-009,TUT-007,2025-09-16,09:00,45,completed,49,false,in_person
SES-00321,GRP-009,TUT-007,2025-09-17,09:00,45,completed,40,true,hybrid
SES-00322,GRP-009,TUT-007,2025-09-22,09:00,45,completed,47,true,in_person
SES-00323,GRP-009,TUT-007,2025-09-23,09:00,45,completed,44,true,hybrid
SES-00324,GRP-009,TUT-007,2025-09-24,09:00,45,completed,42,false,virtual
SES-00325,GRP-009,TUT-007,2025-09-29,09:00,45,cancelled_school,,,in_person
SES-00326,GRP-009,TUT-007,2025-09-30,09:00,45,completed,46,false,virtual
SES-00327,GRP-009,TUT-007,2025-10-01,09:00,45,completed,43,true,virtual
SES-00328,GRP-009,TUT-007,2025-10-06,09:00,45,completed,48,true,hybrid
SES-00329,GRP-009,TUT-007,2025-10-07,09:00,45,cancelled_tutor,,,hybrid
SES-00330,GRP-009,TUT-007,2025-10-08,09:00,45,completed,48,true,virtual
SES-00331,GRP-009,TUT-007,2025-10-13,09:00,45,cancelled_student,,,virtual
SES-00332,GRP-009,TUT-007,2025-10-14,09:00,45,completed,41,true,hybrid
SES-00333,GRP-009,TUT-007,2025-10-15,09:00,45,no_show,,,virtual
SES-00334,GRP-009,TUT-007,2025-10-20,09:00,45,no_show,,,virtual
SES-00335,GRP-009,TUT-007,2025-10-21,09:00,45,cancelled_school,,,virtual
SES-00336,GRP-009,TUT-007,2025-10-22,09:00,45,completed,47,true,virtual
SES-00337,GRP-009,TUT-007,2025-10-27,09:00,45,completed,46,true,hybrid
SES-00338,GRP-009,TUT-007,2025-10-28,09:00,45,completed,46,true,hybrid
SES-00339,GRP-009,TUT-007,2025-10-29,09:00,45,completed,43,true,in_person
SES-00340,GRP-009,TUT-007,2025-11-03,09:00,45,completed,46,true,hybrid
SES-00341,GRP-009,TUT-007,2025-11-04,09:00,45,completed,46,true,in_person
SES-00342,GRP-009,TUT-007,2025-11-05,09:00,45,completed,44,true,virtual
SES-00343,GRP-009,TUT-007,2025-11-10,09:00,45,completed,41,true,virtual
SES-00344,GRP-009,TUT-007,2025-11-11,09:00,45,completed,48,true,in_person
SES-00345,GRP-009,TUT-007,2025-11-12,09:00,45,completed,48,true,hybrid
SES-00346,GRP-009,TUT-007,2025-11-17,09:00,45,completed,46,true,virtual
SES-00347,GRP-009,TUT-007,2025-11-18,09:00,45,completed,41,true,hybrid
SES-00348,GRP-009,TUT-007,2025-11-19,09:00,45,completed,43,true,in_person
SES-00349,GRP-009,TUT-007,2025-11-24,09:00,45,completed,42,true,virtual
SES-00350,GRP-009,TUT-007,2025-11-25,09:00,45,completed,42,true,virtual
SES-00351,GRP-009,TUT-007,2025-11-26,09:00,45,completed,44,true,in_person
SES-00352,GRP-010,TUT-005,2025-09-01,14:00,45,completed,42,true,virtual
SES-00353,GRP-010,TUT-005,2025-09-02,14:00,45,completed,49,true,virtual
SES-00354,GRP-010,TUT-005,2025-09-04,14:00,45,completed,46,true,hybrid
SES-00355,GRP-010,TUT-005,2025-09-08,14:00,45,no_show,,,in_person
SES-00356,GRP-010,TUT-005,2025-09-09,14:00,45,completed,49,false,in_person
SES-00357,GRP-010,TUT-005,2025-09-11,14:00,45,completed,42,false,virtual
SES-00358,GRP-010,TUT-005,2025-09-15,14:00,45,completed,50,true,hybrid
SES-00359,GRP-010,TUT-005,2025-09-16,14:00,45,completed,45,true,virtual
SES-00360,GRP-010,TUT-005,2025-09-18,14:00,45,completed,49,true,hybrid
SES-00361,GRP-010,TUT-005,2025-09-22,14:00,45,completed,48,true,hybrid
SES-00362,GRP-010,TUT-005,2025-09-23,14:00,45,completed,43,true,virtual
SES-00363,GRP-010,TUT-005,2025-09-25,14:00,45,completed,41,true,virtual
SES-00364,GRP-010,TUT-005,2025-09-29,14:00,45,completed,42,true,in_person
SES-00365,GRP-010,TUT-005,2025-09-30,14:00,45,completed,42,true,virtual
SES-00366,GRP-010,TUT-005,2025-10-02,14:00,45,cancelled_student,,,hybrid
SES-00367,GRP-010,TUT-005,2025-10-06,14:00,45,completed,46,true,hybrid
SES-00368,GRP-010,TUT-005,2025-10-07,14:00,45,completed,40,true,virtual
SES-00369,GRP-010,TUT-005,2025-10-09,14:00,45,completed,48,true,in_person
SES-00370,GRP-010,TUT-005,2025-10-13,14:00,45,cancelled_tutor,,,in_person
SES-00371,GRP-010,TUT-005,2025-10-14,14:00,45,completed,45,true,hybrid
SES-00372,GRP-010,TUT-005,2025-10-16,14:00,45,cancelled_student,,,hybrid
SES-00373,GRP-010,TUT-005,2025-10-20,14:00,45,completed,46,false,virtual
SES-00374,GRP-010,TUT-005,2025-10-21,14:00,45,no_show,,,virtual
SES-00375,GRP-010,TUT-005,2025-10-23,14:00,45,cancelled_tutor,,,in_person
SES-00376,GRP-010,TUT-005,2025-10-27,14:00,45,completed,48,true,hybrid
SES-00377,GRP-010,TUT-005,2025-10-28,14:00,45,completed,49,true,virtual
SES-00378,GRP-010,TUT-005,2025-10-30,14:00,45,completed,50,true,hybrid
SES-00379,GRP-010,TUT-005,2025-11-03,14:00,45,completed,40,true,virtual
SES-00380,GRP-010,TUT-005,2025-11-04,14:00,45,completed,41,true,hybrid
SES-00381,GRP-010,TUT-005,2025-11-06,14:00,45,completed,44,true,in_person
SES-00382,GRP-010,TUT-005,2025-11-10,14:00,45,completed,45,true,virtual
SES-00383,GRP-010,TUT-005,2025-11-11,14:00,45,completed,47,true,virtual
SES-00384,GRP-010,TUT-005,2025-11-13,14:00,45,cancelled_student,,,hybrid
SES-00385,GRP-010,TUT-005,2025-11-17,14:00,45,completed,45,true,hybrid
SES-00386,GRP-010,TUT-005,2025-11-18,14:00,45,completed,43,true,hybrid
SES-00387,GRP-010,TUT-005,2025-11-20,14:00,45,completed,48,true,virtual
SES-00388,GRP-010,TUT-005,2025-11-24,14:00,45,completed,46,true,in_person
SES-00389,GRP-010,TUT-005,2025-11-25,14:00,45,completed,46,true,hybrid
SES-00390,GRP-010,TUT-005,2025-11-27,14:00,45,completed,43,true,virtual
SES-00391,GRP-011,TUT-006,2025-09-02,10:30,45,completed,41,true,hybrid
SES-00392,GRP-011,TUT-006,2025-09-03,10:30,45,completed,45,true,in_person
SES-00393,GRP-011,TUT-006,2025-09-05,10:30,45,completed,47,true,hybrid
SES-00394,GRP-011,TUT-006,2025-09-09,10:30,45,completed,46,true,hybrid
SES-00395,GRP-011,TUT-006,2025-09-10,10:30,45,completed,45,true,hybrid
SES-00396,GRP-011,TUT-006,2025-09-12,10:30,45,completed,50,true,virtual
SES-00397,GRP-011,TUT-006,2025-09-16,10:30,45,completed,49,true,in_person
SES-00398,GRP-011,TUT-006,2025-09-17,10:30,45,completed,43,true,in_person
SES-00399,GRP-011,TUT-006,2025-09-19,10:30,45,completed,42,true,virtual
SES-00400,GRP-011,TUT-006,2025-09-23,10:30,45,completed,49,true,in_person
SES-00401,GRP-011,TUT-006,2025-09-24,10:30,45,completed,48,true,hybrid
SES-00402,GRP-011,TUT-006,2025-09-26,10:30,45,completed,42,true,virtual
SES-00403,GRP-011,TUT-006,2025-09-30,10:30,45,completed,42,true,virtual
SES-00404,GRP-011,TUT-006,2025-10-01,10:30,45,completed,45,false,virtual
SES-00405,GRP-011,TUT-006,2025-10-03,10:30,45,cancelled_tutor,,,virtual
SES-00406,GRP-011,TUT-006,2025-10-07,10:30,45,no_show,,,hybrid
SES-00407,GRP-011,TUT-006,2025-10-08,10:30,45,completed,46,true,virtual
SES-00408,GRP-011,TUT-006,2025-10-10,10:30,45,completed,47,true,in_person
SES-00409,GRP-011,TUT-006,2025-10-14,10:30,45,completed,43,true,virtual
SES-00410,GRP-011,TUT-006,2025-10-15,10:30,45,completed,44,true,virtual
SES-00411,GRP-011,TUT-006,2025-10-17,10:30,45,completed,47,true,in_person
SES-00412,GRP-011,TUT-006,2025-10-21,10:30,45,completed,44,true,virtual
SES-00413,GRP-011,TUT-006,2025-10-22,10:30,45,completed,40,true,virtual
SES-00414,GRP-011,TUT-006,2025-10-24,10:30,45,completed,46,true,hybrid
SES-00415,GRP-011,TUT-006,2025-10-28,10:30,45,completed,44,true,in_person
SES-00416,GRP-011,TUT-006,2025-10-29,10:30,45,completed,45,true,in_person
SES-00417,GRP-011,TUT-006,2025-10-31,10:30,45,completed,41,true,in_person
SES-00418,GRP-011,TUT-006,2025-11-04,10:30,45,completed,49,true,hybrid
SES-00419,GRP-011,TUT-006,2025-11-05,10:30,45,completed,46,true,in_person
SES-00420,GRP-011,TUT-006,2025-11-07,10:30,45,completed,43,true,hybrid
SES-00421,GRP-011,TUT-006,2025-11-11,10:30,45,completed,44,true,in_person
SES-00422,GRP-011,TUT-006,2025-11-12,10:30,45,completed,44,true,virtual
SES-00423,GRP-011,TUT-006,2025-11-14,10:30,45,completed,48,false,hybrid
SES-00424,GRP-011,TUT-006,2025-11-18,10:30,45,completed,42,false,virtual
SES-00425,GRP-011,TUT-006,2025-11-19,10:30,45,completed,44,true,in_person
SES-00426,GRP-011,TUT-006,2025-11-21,10:30,45,completed,42,true,hybrid
SES-00427,GRP-011,TUT-006,2025-11-25,10:30,45,completed,43,true,hybrid
SES-00428,GRP-011,TUT-006,2025-11-26,10:30,45,completed,42,true,virtual
SES-00429,GRP-011,TUT-006,2025-11-28,10:30,45,completed,46,true,hybrid
SES-00430,GRP-012,TUT-008,2025-09-02,11:30,45,completed,45,true,hybrid
SES-00431,GRP-012,TUT-008,2025-09-03,11:30,45,completed,47,true,hybrid
SES-00432,GRP-012,TUT-008,2025-09-05,11:30,45,completed,41,true,virtual
SES-00433,GRP-012,TUT-008,2025-09-09,11:30,45,completed,46,true,virtual
SES-00434,GRP-012,TUT-008,2025-09-10,11:30,45,completed,44,true,hybrid
SES-00435,GRP-012,TUT-008,2025-09-12,11:30,45,completed,47,true,hybrid
SES-00436,GRP-012,TUT-008,2025-09-16,11:30,45,completed,40,true,virtual
SES-00437,GRP-012,TUT-008,2025-09-17,11:30,45,cancelled_school,,,in_person
SES-00438,GRP-012,TUT-008,2025-09-19,11:30,45,completed,40,false,virtual
SES-00439,GRP-012,TUT-008,2025-09-23,11:30,45,completed,42,true,virtual
SES-00440,GRP-012,TUT-008,2025-09-24,11:30,45,completed,44,true,virtual
SES-00441,GRP-012,TUT-008,2025-09-26,11:30,45,completed,45,true,hybrid
SES-00442,GRP-012,TUT-008,2025-09-30,11:30,45,completed,46,true,hybrid
SES-00443,GRP-012,TUT-008,2025-10-01,11:30,45,completed,43,true,in_person
SES-00444,GRP-012,TUT-008,2025-10-03,11:30,45,completed,40,true,in_person
SES-00445,GRP-012,TUT-008,2025-10-07,11:30,45,cancelled_tutor,,,in_person
SES-00446,GRP-012,TUT-008,2025-10-08,11:30,45,completed,47,true,hybrid
SES-00447,GRP-012,TUT-008,2025-10-10,11:30,45,completed,41,false,virtual
SES-00448,GRP-012,TUT-008,2025-10-14,11:30,45,completed,47,true,virtual
SES-00449,GRP-012,TUT-008,2025-10-15,11:30,45,cancelled_student,,,in_person
SES-00450,GRP-012,TUT-008,2025-10-17,11:30,45,cancelled_tutor,,,virtual
SES-00451,GRP-012,TUT-008,2025-10-21,11:30,45,completed,42,true,in_person
SES-00452,GRP-012,TUT-008,2025-10-22,11:30,45,completed,50,true,hybrid
SES-00453,GRP-012,TUT-008,2025-10-24,11:30,45,completed,49,true,virtual
SES-00454,GRP-012,TUT-008,2025-10-28,11:30,45,completed,43,true,in_person
SES-00455,GRP-012,TUT-008,2025-10-29,11:30,45,completed,49,true,in_person
SES-00456,GRP-012,TUT-008,2025-10-31,11:30,45,cancelled_student,,,in_person
SES-00457,GRP-012,TUT-008,2025-11-04,11:30,45,completed,41,true,virtual
SES-00458,GRP-012,TUT-008,2025-11-05,11:30,45,completed,46,true,in_person
SES-00459,GRP-012,TUT-008,2025-11-07,11:30,45,completed,50,true,hybrid
SES-00460,GRP-012,TUT-008,2025-11-11,11:30,45,completed,49,true,hybrid
SES-00461,GRP-012,TUT-008,2025-11-12,11:30,45,cancelled_student,,,hybrid
SES-00462,GRP-012,TUT-008,2025-11-14,11:30,45,completed,43,true,hybrid
SES-00463,GRP-012,TUT-008,2025-11-18,11:30,45,completed,46,true,in_person
SES-00464,GRP-012,TUT-008,2025-11-19,11:30,45,completed,43,true,in_person
SES-00465,GRP-012,TUT-008,2025-11-21,11:30,45,completed,50,true,hybrid
SES-00466,GRP-012,TUT-008,2025-11-25,11:30,45,completed,40,false,virtual
SES-00467,GRP-012,TUT-008,2025-11-26,11:30,45,completed,49,true,hybrid
SES-00468,GRP-012,TUT-008,2025-11-28,11:30,45,completed,47,false,in_person
SES-00469,GRP-013,TUT-009,2025-09-02,10:00,45,completed,46,true,hybrid
SES-00470,GRP-013,TUT-009,2025-09-03,10:00,45,completed,46,true,virtual
SES-00471,GRP-013,TUT-009,2025-09-04,10:00,45,completed,48,true,in_person
SES-00472,GRP-013,TUT-009,2025-09-09,10:00,45,completed,44,true,in_person
SES-00473,GRP-013,TUT-009,2025-09-10,10:00,45,no_show,,,in_person
SES-00474,GRP-013,TUT-009,2025-09-11,10:00,45,completed,46,true,hybrid
SES-00475,GRP-013,TUT-009,2025-09-16,10:00,45,completed,41,true,virtual
SES-00476,GRP-013,TUT-009,2025-09-17,10:00,45,completed,43,true,in_person
SES-00477,GRP-013,TUT-009,2025-09-18,10:00,45,completed,41,true,hybrid
SES-00478,GRP-013,TUT-009,2025-09-23,10:00,45,cancelled_tutor,,,hybrid
SES-00479,GRP-013,TUT-009,2025-09-24,10:00,45,completed,42,true,hybrid
SES-00480,GRP-013,TUT-009,2025-09-25,10:00,45,completed,40,true,virtual
SES-00481,GRP-013,TUT-009,2025-09-30,10:00,45,completed,44,true,in_person
SES-00482,GRP-013,TUT-009,2025-10-01,10:00,45,completed,44,true,in_person
SES-00483,GRP-013,TUT-009,2025-10-02,10:00,45,completed,40,true,virtual
SES-00484,GRP-013,TUT-009,2025-10-07,10:00,45,completed,41,true,hybrid
SES-00485,GRP-013,TUT-009,2025-10-08,10:00,45,completed,47,true,virtual
SES-00486,GRP-013,TUT-009,2025-10-09,10:00,45,cancelled_student,,,hybrid
SES-00487,GRP-013,TUT-009,2025-10-14,10:00,45,completed,42,true,in_person
SES-00488,GRP-013,TUT-009,2025-10-15,10:00,45,completed,50,true,in_person
SES-00489,GRP-013,TUT-009,2025-10-16,10:00,45,completed,40,true,in_person
SES-00490,GRP-013,TUT-009,2025-10-21,10:00,45,completed,47,true,in_person
SES-00491,GRP-013,TUT-009,2025-10-22,10:00,45,completed,40,true,hybrid
SES-00492,GRP-013,TUT-009,2025-10-23,10:00,45,completed,46,true,in_person
SES-00493,GRP-013,TUT-009,2025-10-28,10:00,45,completed,45,true,in_person
SES-00494,GRP-013,TUT-009,2025-10-29,10:00,45,completed,41,true,in_person
SES-00495,GRP-013,TUT-009,2025-10-30,10:00,45,completed,48,false,virtual
SES-00496,GRP-013,TUT-009,2025-11-04,10:00,45,cancelled_tutor,,,virtual
SES-00497,GRP-013,TUT-009,2025-11-05,10:00,45,completed,44,true,hybrid
SES-00498,GRP-013,TUT-009,2025-11-06,10:00,45,completed,45,true,hybrid
SES-00499,GRP-013,TUT-009,2025-11-11,10:00,45,completed,49,true,virtual
SES-00500,GRP-013,TUT-009,2025-11-12,10:00,45,completed,47,false,in_person
SES-00501,GRP-013,TUT-009,2025-11-13,10:00,45,completed,48,true,in_person
SES-00502,GRP-013,TUT-009,2025-11-18,10:00,45,completed,46,true,hybrid
SES-00503,GRP-013,TUT-009,2025-11-19,10:00,45,completed,40,false,in_person
SES-00504,GRP-013,TUT-009,2025-11-20,10:00,45,completed,46,true,hybrid
SES-00505,GRP-013,TUT-009,2025-11-25,10:00,45,completed,43,true,in_person
SES-00506,GRP-013,TUT-009,2025-11-26,10:00,45,completed,40,false,in_person
SES-00507,GRP-013,TUT-009,2025-11-27,10:00,45,completed,41,true,in_person
SES-00508,GRP-014,TUT-008,2025-09-01,13:00,45,completed,48,true,virtual
SES-00509,GRP-014,TUT-008,2025-09-02,13:00,45,cancelled_tutor,,,hybrid
SES-00510,GRP-014,TUT-008,2025-09-03,13:00,45,cancelled_tutor,,,hybrid
SES-00511,GRP-014,TUT-008,2025-09-08,13:00,45,no_show,,,in_person
SES-00512,GRP-014,TUT-008,2025-09-09,13:00,45,completed,45,false,virtual
SES-00513,GRP-014,TUT-008,2025-09-10,13:00,45,completed,45,true,virtual
SES-00514,GRP-014,TUT-008,2025-09-15,13:00,45,completed,43,true,hybrid
SES-00515,GRP-014,TUT-008,2025-09-16,13:00,45,completed,41,true,virtual
SES-00516,GRP-014,TUT-008,2025-09-17,13:00,45,completed,41,true,in_person
SES-00517,GRP-014,TUT-008,2025-09-22,13:00,45,completed,47,true,in_person
SES-00518,GRP-014,TUT-008,2025-09-23,13:00,45,completed,50,true,hybrid
SES-00519,GRP-014,TUT-008,2025-09-24,13:00,45,completed,40,true,virtual
SES-00520,GRP-014,TUT-008,2025-09-29,13:00,45,completed,43,false,virtual
SES-00521,GRP-014,TUT-008,2025-09-30,13:00,45,completed,50,true,in_person
SES-00522,GRP-014,TUT-008,2025-10-01,13:00,45,cancelled_school,,,virtual
SES-00523,GRP-014,TUT-008,2025-10-06,13:00,45,completed,48,true,in_person
SES-00524,GRP-014,TUT-008,2025-10-07,13:00,45,cancelled_student,,,in_person
SES-00525,GRP-014,TUT-008,2025-10-08,13:00,45,completed,42,true,in_person
SES-00526,GRP-014,TUT-008,2025-10-13,13:00,45,completed,43,true,virtual
SES-00527,GRP-014,TUT-008,2025-10-14,13:00,45,completed,50,false,in_person
SES-00528,GRP-014,TUT-008,2025-10-15,13:00,45,completed,44,true,in_person
SES-00529,GRP-014,TUT-008,2025-10-20,13:00,45,cancelled_school,,,in_person
SES-00530,GRP-014,TUT-008,2025-10-21,13:00,45,completed,50,true,in_person
SES-00531,GRP-014,TUT-008,2025-10-22,13:00,45,cancelled_student,,,virtual
SES-00532,GRP-014,TUT-008,2025-10-27,13:00,45,cancelled_tutor,,,virtual
SES-00533,GRP-014,TUT-008,2025-10-28,13:00,45,cancelled_student,,,hybrid
SES-00534,GRP-014,TUT-008,2025-10-29,13:00,45,completed,46,true,virtual
SES-00535,GRP-014,TUT-008,2025-11-03,13:00,45,completed,42,true,in_person
SES-00536,GRP-014,TUT-008,2025-11-04,13:00,45,completed,47,true,in_person
SES-00537,GRP-014,TUT-008,2025-11-05,13:00,45,completed,49,true,virtual
SES-00538,GRP-014,TUT-008,2025-11-10,13:00,45,completed,48,true,in_person
SES-00539,GRP-014,TUT-008,2025-11-11,13:00,45,completed,42,true,hybrid
SES-00540,GRP-014,TUT-008,2025-11-12,13:00,45,completed,48,true,hybrid
SES-00541,GRP-014,TUT-008,2025-11-17,13:00,45,completed,46,true,virtual
SES-00542,GRP-014,TUT-008,2025-11-18,13:00,45,completed,47,true,hybrid
SES-00543,GRP-014,TUT-008,2025-11-19,13:00,45,completed,46,true,in_person
SES-00544,GRP-014,TUT-008,2025-11-24,13:00,45,completed,43,true,virtual
SES-00545,GRP-014,TUT-008,2025-11-25,13:00,45,cancelled_tutor,,,virtual
SES-00546,GRP-014,TUT-008,2025-11-26,13:00,45,completed,49,false,in_person
